{"cameraMode":{"drawMode":0,"name":"Shaded","section":"Shading Mode"},"sceneLighting":true,"audioPlay":false,"sceneViewState":{"showFog":false,"showMaterialUpdate":false,"showSkybox":false,"showFlares":false,"showImageEffects":false,"showParticleSystems":false},"in2DMode":false,"pivot":{"x":8.619999885559082,"y":5.550000190734863,"z":1.3700000047683716},"rotation":{"x":0.009892086498439312,"y":0.9534775614738464,"z":-0.299653023481369,"w":0.03147624060511589},"size":22.0,"orthographic":true}